{
  "IsEncrypted": false,
  "Values": {
    "AzureWebJobsStorage": "DefaultEndpointsProtocol=https;AccountName=nsgflowlogsamp;AccountKey=7sqd45sxXuRBn3VaxN4vqBCxNIhQUrotP9lrieaEV74J0oA7nHb7SOQBfWSlW7aDmYqS/llsaCYP+ASt8wSEAA==;EndpointSuffix=core.windows.net",
    "FUNCTIONS_WORKER_RUNTIME": "python",
    "AzureWebJobsFeatureFlags": "EnableWorkerIndexing",
    "nsgflowlogsamp_STORAGE": "DefaultEndpointsProtocol=https;AccountName=nsgflowlogsamp;AccountKey=7sqd45sxXuRBn3VaxN4vqBCxNIhQUrotP9lrieaEV74J0oA7nHb7SOQBfWSlW7aDmYqS/llsaCYP+ASt8wSEAA==;EndpointSuffix=core.windows.net"
  }
}